{"cameraMode":{"drawMode":0,"name":"Shaded","section":"Shading Mode"},"sceneLighting":true,"audioPlay":false,"sceneViewState":{"m_AlwaysRefresh":false,"showFog":true,"showSkybox":true,"showFlares":true,"showImageEffects":true,"showParticleSystems":true,"showVisualEffectGraphs":true,"m_FxEnabled":true},"in2DMode":false,"pivot":{"x":6.103362083435059,"y":1.2786457538604737,"z":7.184998512268066},"rotation":{"x":0.07486579567193985,"y":-0.041873108595609668,"z":0.0030736555345356466,"w":0.9962738156318665},"size":1.2994948625564576,"orthographic":false}