{"cameraMode":{"drawMode":0,"name":"Shaded","section":"Shading Mode"},"sceneLighting":true,"audioPlay":false,"sceneViewState":{"m_AlwaysRefresh":false,"showFog":true,"showSkybox":true,"showFlares":true,"showImageEffects":true,"showParticleSystems":true,"showVisualEffectGraphs":true,"m_FxEnabled":true},"in2DMode":false,"pivot":{"x":5.330716133117676,"y":-4.745764255523682,"z":11.20537281036377},"rotation":{"x":0.41947802901268008,"y":-0.009531011804938317,"z":0.0044049168936908249,"w":0.9076991081237793},"size":6.607396125793457,"orthographic":false}