{"cameraMode":{"drawMode":0,"name":"Shaded","section":"Shading Mode"},"sceneLighting":true,"audioPlay":false,"sceneViewState":{"m_AlwaysRefresh":false,"showFog":true,"showSkybox":true,"showFlares":true,"showImageEffects":true,"showParticleSystems":true,"showVisualEffectGraphs":true,"m_FxEnabled":true},"in2DMode":false,"pivot":{"x":6.135300159454346,"y":0.3856249451637268,"z":7.448101997375488},"rotation":{"x":-0.26211461424827578,"y":0.06162496283650398,"z":-0.016675136983394624,"w":-0.9627317190170288},"size":1.5160197019577027,"orthographic":false}